timestamp,amount,product_a,product_b,product_c
2022-01-01,590,58,370,162
2022-01-02,470,342,64,64
2022-01-03,630,12,424,194
2022-01-04,810,209,4,597
2022-01-05,460,370,49,41
2022-01-06,470,73,130,267
2022-01-07,830,253,154,423
2022-01-08,670,106,243,321
2022-01-09,430,111,279,40
2022-01-10,640,277,345,18
2022-01-11,440,346,69,25
2022-01-12,440,164,185,91
2022-01-13,590,133,37,420
2022-01-14,160,67,15,78
2022-01-15,200,2,176,22
2022-01-16,440,218,75,147
2022-01-17,350,62,16,272
2022-01-18,620,141,266,213
2022-01-19,380,97,273,10
2022-01-20,280,93,20,167
2022-01-21,860,164,106,590
2022-01-22,530,150,113,267
2022-01-23,590,48,517,25
2022-01-24,290,208,71,11
2022-01-25,470,1,272,197
2022-01-26,610,279,315,16
2022-01-27,360,63,17,280
2022-01-28,670,454,186,30
2022-01-29,480,86,91,303
2022-01-30,540,143,307,90
2022-01-31,480,21,214,245
2022-02-01,980,271,485,224
2022-02-02,610,341,257,12
2022-02-03,400,39,11,350
2022-02-04,780,85,160,535
2022-02-05,380,49,90,241
2022-02-06,670,255,79,336
2022-02-07,240,10,142,88
2022-02-08,370,79,162,129
2022-02-09,670,43,465,162
2022-02-10,790,303,417,70
2022-02-11,680,85,189,406
2022-02-12,620,287,332,1
2022-02-13,590,280,212,98
2022-02-14,360,13,44,303
2022-02-15,510,85,160,265
2022-02-16,570,35,279,256
2022-02-17,880,191,453,236
2022-02-18,740,189,21,530
2022-02-19,320,207,16,97
2022-02-20,740,627,72,41
2022-02-21,600,78,490,32
2022-02-22,550,217,280,53
2022-02-23,810,383,134,293
2022-02-24,900,484,370,46
2022-02-25,880,662,142,76
2022-02-26,530,11,229,290
2022-02-27,640,11,463,166
2022-02-28,770,333,61,376
2022-03-01,900,130,731,39
2022-03-02,610,81,24,505
2022-03-03,680,411,58,211
2022-03-04,500,260,124,116
2022-03-05,480,50,18,412
2022-03-06,890,551,240,99
2022-03-07,1000,107,324,569
2022-03-08,720,332,231,157
2022-03-09,940,32,65,843
2022-03-10,810,720,7,83
2022-03-11,610,524,2,84
2022-03-12,820,215,319,286
2022-03-13,1060,152,746,162
2022-03-14,750,105,366,279
2022-03-15,1070,533,301,236
2022-03-16,240,27,127,86
2022-03-17,930,59,765,106
2022-03-18,790,366,164,260
2022-03-19,710,222,273,215
2022-03-20,790,94,554,142
2022-03-21,380,7,314,59
2022-03-22,740,250,272,218
2022-03-23,860,128,4,728
2022-03-24,1090,83,510,497
2022-03-25,690,481,87,122
2022-03-26,640,493,99,48
2022-03-27,700,120,405,175
2022-03-28,990,440,53,497
2022-03-29,870,730,24,116
2022-03-30,710,321,206,183
2022-03-31,920,557,204,159
2022-04-01,840,261,261,318
2022-04-02,1020,647,189,184
2022-04-03,690,286,188,216
2022-04-04,760,287,399,74
2022-04-05,750,246,52,452
2022-04-06,540,14,234,292
2022-04-07,900,241,637,22
2022-04-08,900,15,703,182
2022-04-09,850,49,268,533
2022-04-10,800,148,597,55
2022-04-11,570,19,272,279
2022-04-12,770,130,165,475
2022-04-13,790,212,114,464
2022-04-14,700,226,415,59
2022-04-15,840,4,539,297
2022-04-16,950,593,262,95
2022-04-17,1250,169,287,794
2022-04-18,910,429,369,112
2022-04-19,930,550,237,143
2022-04-20,870,463,267,140
2022-04-21,510,120,386,4
2022-04-22,890,517,198,175
2022-04-23,910,464,292,154
2022-04-24,1390,101,662,627
2022-04-25,870,130,391,349
2022-04-26,970,462,486,22
2022-04-27,900,196,411,293
2022-04-28,680,413,229,38
2022-04-29,1150,75,1048,27
2022-04-30,1070,207,662,201
2022-05-01,1080,249,521,310
2022-05-02,750,144,517,89
2022-05-03,1210,675,490,45
2022-05-04,660,241,357,62
2022-05-05,1060,80,921,59
2022-05-06,1380,234,1132,14
2022-05-07,750,590,116,44
2022-05-08,840,234,194,412
2022-05-09,970,392,480,98
2022-05-10,860,52,370,438
2022-05-11,650,536,61,53
2022-05-12,980,320,89,571
2022-05-13,760,381,109,270
2022-05-14,1070,392,30,648
2022-05-15,790,196,487,107
2022-05-16,1290,1055,230,5
2022-05-17,830,690,28,112
2022-05-18,920,402,404,114
2022-05-19,1150,592,352,206
2022-05-20,750,102,288,360
2022-05-21,1040,506,503,31
2022-05-22,1260,558,49,653
2022-05-23,680,124,464,92
2022-05-24,1050,76,95,879
2022-05-25,1060,882,98,80
2022-05-26,1170,470,29,671
2022-05-27,770,674,47,49
2022-05-28,760,625,68,67
2022-05-29,1130,213,374,543
2022-05-30,1090,778,263,49
2022-05-31,1080,564,308,208
2022-06-01,1110,831,41,238
2022-06-02,910,15,820,75
2022-06-03,1090,106,105,879
2022-06-04,1110,276,176,658
2022-06-05,910,151,108,651
2022-06-06,1430,101,1324,5
2022-06-07,1150,699,9,442
2022-06-08,820,106,703,11
2022-06-09,1200,192,831,177
2022-06-10,880,314,375,191
2022-06-11,1230,291,258,681
2022-06-12,1310,18,128,1164
2022-06-13,920,537,148,235
2022-06-14,1280,359,231,690
2022-06-15,1170,366,736,68
2022-06-16,1260,505,590,165
2022-06-17,1470,401,193,876
2022-06-18,1050,323,50,677
2022-06-19,950,273,473,204
2022-06-20,930,211,120,599
2022-06-21,950,917,21,12
2022-06-22,1100,79,282,739
2022-06-23,1190,126,695,369
2022-06-24,1180,576,304,300
2022-06-25,1290,548,465,277
2022-06-26,1130,18,605,507
2022-06-27,1420,791,551,78
2022-06-28,1080,253,500,327
2022-06-29,1680,468,985,227
2022-06-30,1270,916,277,77
2022-07-01,970,428,371,171
2022-07-02,930,57,526,347
2022-07-03,1250,449,222,579
2022-07-04,1110,239,246,625
2022-07-05,1300,974,271,55
2022-07-06,1260,493,340,427
2022-07-07,1150,687,421,42
2022-07-08,1000,238,489,273
2022-07-09,870,150,609,111
2022-07-10,1090,285,605,200
2022-07-11,1350,221,451,678
2022-07-12,1230,56,932,242
2022-07-13,940,58,120,762
2022-07-14,1230,401,236,593
2022-07-15,1270,709,204,357
2022-07-16,1020,310,372,338
2022-07-17,1230,764,150,316
2022-07-18,1220,690,195,335
2022-07-19,980,417,471,92
2022-07-20,1290,338,596,356
2022-07-21,1330,147,204,979
2022-07-22,1440,241,471,728
2022-07-23,1440,599,20,821
2022-07-24,950,299,26,625
2022-07-25,1040,903,22,115
2022-07-26,1340,682,573,85
2022-07-27,1340,231,456,653
2022-07-28,1350,636,304,410
2022-07-29,2020,1631,44,345
2022-07-30,1360,402,727,231
2022-07-31,1480,767,114,599
2022-08-01,1450,816,298,336
2022-08-02,1390,746,32,612
2022-08-03,1200,374,625,201
2022-08-04,1420,739,301,380
2022-08-05,1120,745,331,44
2022-08-06,1230,313,360,557
2022-08-07,1180,644,156,380
2022-08-08,1300,251,578,471
2022-08-09,1750,136,1327,287
2022-08-10,920,457,182,281
2022-08-11,1430,608,377,445
2022-08-12,970,116,66,788
2022-08-13,1210,74,664,472
2022-08-14,1520,1316,39,165
2022-08-15,1320,640,368,312
2022-08-16,1100,206,130,764
2022-08-17,1170,719,221,230
2022-08-18,1450,238,1062,150
2022-08-19,1180,279,395,506
2022-08-20,1370,284,124,962
2022-08-21,1340,331,846,163
2022-08-22,1200,536,621,43
2022-08-23,1760,1164,410,186
2022-08-24,1470,1017,86,367
2022-08-25,940,97,375,468
2022-08-26,1380,603,424,353
2022-08-27,1220,108,666,446
2022-08-28,1520,1062,42,416
2022-08-29,1200,1094,79,27
2022-08-30,1340,447,283,610
2022-08-31,1470,113,1188,169
2022-09-01,1540,135,135,1270
2022-09-02,1130,543,367,220
2022-09-03,1310,640,152,518
2022-09-04,1280,443,362,475
2022-09-05,1250,184,707,359
2022-09-06,1740,150,1313,277
2022-09-07,1470,279,843,348
2022-09-08,1140,36,817,287
2022-09-09,1580,301,111,1168
2022-09-10,1830,446,351,1033
2022-09-11,1610,1196,127,287
2022-09-12,1100,187,891,22
2022-09-13,1310,253,430,627
2022-09-14,1670,309,1274,87
2022-09-15,1280,953,69,258
2022-09-16,1510,1194,121,195
2022-09-17,1580,566,562,452
2022-09-18,1240,651,430,159
2022-09-19,1420,200,94,1126
2022-09-20,790,344,202,244
2022-09-21,1240,914,52,274
2022-09-22,1390,588,787,15
2022-09-23,1200,442,579,179
2022-09-24,1780,427,914,439
2022-09-25,1170,99,513,558
2022-09-26,1370,164,396,810
2022-09-27,1490,1167,269,54
2022-09-28,1750,1192,520,38
2022-09-29,1180,564,453,163
2022-09-30,1710,1048,596,66
2022-10-01,1480,297,1180,3
2022-10-02,1280,308,386,586
2022-10-03,1580,1182,199,199
2022-10-04,1530,933,420,177
2022-10-05,1370,871,219,280
2022-10-06,1510,282,222,1006
2022-10-07,1420,276,532,612
2022-10-08,1520,15,1275,230
2022-10-09,1640,1350,67,223
2022-10-10,1830,25,1610,195
2022-10-11,1260,483,37,740
2022-10-12,1940,166,1612,162
2022-10-13,1130,270,47,813
2022-10-14,1490,518,42,930
2022-10-15,1640,514,632,494
2022-10-16,1590,542,869,179
2022-10-17,1410,56,547,807
2022-10-18,1500,386,261,853
2022-10-19,1440,1050,51,339
2022-10-20,1430,762,651,17
2022-10-21,1720,265,278,1177
2022-10-22,1620,19,102,1499
2022-10-23,1420,183,984,253
2022-10-24,1740,110,291,1339
2022-10-25,1620,744,681,195
2022-10-26,1730,1137,236,357
2022-10-27,1700,1627,9,64
2022-10-28,1410,715,82,613
2022-10-29,1460,349,219,892
2022-10-30,1730,1216,299,215
2022-10-31,1710,486,907,317
2022-11-01,1580,670,360,550
2022-11-02,1610,238,144,1228
2022-11-03,1850,737,77,1036
2022-11-04,1480,218,736,526
2022-11-05,1710,1064,44,602
2022-11-06,1570,588,757,225
2022-11-07,1570,38,463,1069
2022-11-08,1830,1090,275,465
2022-11-09,1780,12,1682,86
2022-11-10,1780,769,287,724
2022-11-11,1880,649,1089,142
2022-11-12,1630,8,97,1525
2022-11-13,1770,940,413,417
2022-11-14,1570,458,81,1031
2022-11-15,1700,525,467,708
2022-11-16,1620,49,188,1383
2022-11-17,1660,111,1187,362
2022-11-18,1770,685,474,611
2022-11-19,1490,769,214,507
2022-11-20,2070,298,501,1271
2022-11-21,1460,1209,222,29
2022-11-22,1420,343,1018,59
2022-11-23,1900,651,863,386
2022-11-24,1830,1620,124,86
2022-11-25,1800,743,391,666
2022-11-26,1800,400,199,1201
2022-11-27,1680,867,641,172
2022-11-28,1510,938,471,101
2022-11-29,1700,752,44,904
2022-11-30,1560,584,203,773
2022-12-01,1890,776,496,618
2022-12-02,1670,433,475,762
2022-12-03,1540,366,856,318
2022-12-04,1640,985,646,9
2022-12-05,1790,545,1156,89
2022-12-06,1600,401,1182,17
2022-12-07,1550,449,132,969
2022-12-08,1770,886,723,161
2022-12-09,1770,829,780,161
2022-12-10,1630,1062,23,545
2022-12-11,1640,913,448,279
2022-12-12,1780,732,255,793
2022-12-13,1450,80,450,920
2022-12-14,1460,779,191,490
2022-12-15,1600,1024,451,125
2022-12-16,1710,20,1672,18
2022-12-17,1820,672,243,905
2022-12-18,2050,400,1542,108
2022-12-19,1930,1071,378,481
2022-12-20,1730,238,497,995
2022-12-21,1760,1009,373,378
2022-12-22,1570,1216,248,106
2022-12-23,1770,688,531,551
2022-12-24,1720,1399,226,95
2022-12-25,1850,1495,190,165
2022-12-26,1620,421,91,1108
2022-12-27,1890,1340,81,469
2022-12-28,2100,787,1078,235
2022-12-29,1770,287,55,1428
2022-12-30,1880,118,1289,473
2022-12-31,1940,947,728,265
2023-01-01,1730,518,663,549
2023-01-02,1860,1405,400,55
2023-01-03,1820,767,474,579
2023-01-04,1840,1626,59,155
2023-01-05,1670,854,716,100
2023-01-06,1830,1408,211,211
2023-01-07,1930,586,684,660
2023-01-08,2120,82,1777,261
2023-01-09,2030,52,818,1160
2023-01-10,2270,956,800,514
2023-01-11,1690,955,109,626
2023-01-12,2020,459,296,1265
2023-01-13,1890,1271,157,462
2023-01-14,2290,840,58,1392
2023-01-15,1700,520,498,682
2023-01-16,1690,891,219,580
2023-01-17,1740,446,166,1128
2023-01-18,1440,503,338,599
2023-01-19,1770,705,431,634
2023-01-20,1720,623,594,503
2023-01-21,1910,722,89,1099
2023-01-22,1950,1046,15,889
2023-01-23,2260,163,484,1613
2023-01-24,2080,100,967,1013
2023-01-25,1780,1197,11,572
2023-01-26,1720,278,1152,290
2023-01-27,2000,289,965,746
2023-01-28,1640,811,61,768
2023-01-29,2270,394,1665,211
2023-01-30,2150,567,1522,61
2023-01-31,1820,1259,529,32
2023-02-01,1580,341,1173,66
2023-02-02,2190,843,410,937
2023-02-03,1900,15,681,1204
2023-02-04,2180,1514,605,61
2023-02-05,1610,1558,27,25
2023-02-06,1820,281,482,1057
2023-02-07,1940,1083,556,301
2023-02-08,1950,1628,155,167
2023-02-09,1860,113,1000,747
2023-02-10,2080,352,121,1607
2023-02-11,1740,421,126,1193
2023-02-12,1930,88,303,1539
2023-02-13,1990,523,979,488
2023-02-14,2070,133,1718,219
2023-02-15,2110,1725,201,184
2023-02-16,1750,36,1194,520
2023-02-17,1670,548,176,946
2023-02-18,2230,123,1212,895
2023-02-19,2050,634,801,615
2023-02-20,1840,1563,224,53
2023-02-21,2300,1147,433,720
2023-02-22,2020,1450,275,295
2023-02-23,2230,1327,646,257
2023-02-24,2010,841,83,1086
2023-02-25,2420,332,1694,394
2023-02-26,2360,2064,40,256
2023-02-27,1960,472,620,868
2023-02-28,2210,218,750,1242
2023-03-01,2150,1474,39,637
2023-03-02,2300,55,135,2110
2023-03-03,1830,155,700,975
2023-03-04,2170,1289,871,10
2023-03-05,2250,731,1349,170
2023-03-06,1690,1333,104,253
2023-03-07,1800,613,172,1015
2023-03-08,1640,638,880,122
2023-03-09,1990,280,168,1542
2023-03-10,2190,669,18,1503
2023-03-11,2360,61,890,1409
2023-03-12,2070,862,527,681
2023-03-13,2390,454,1845,91
2023-03-14,1790,850,299,641
2023-03-15,1730,437,750,543
2023-03-16,2060,1852,120,88
2023-03-17,2150,243,149,1758
2023-03-18,2070,117,1759,194
2023-03-19,1670,119,918,633
2023-03-20,2070,515,606,949
2023-03-21,1830,50,1075,705
2023-03-22,2230,971,206,1053
2023-03-23,2170,403,167,1600
2023-03-24,1910,300,981,629
2023-03-25,2000,1163,474,363
2023-03-26,1900,180,1704,16
2023-03-27,2100,1225,525,350
2023-03-28,2310,741,383,1186
2023-03-29,1920,1393,331,196
2023-03-30,2220,558,1515,147
2023-03-31,2020,598,612,810
2023-04-01,1970,73,653,1244
2023-04-02,2110,104,142,1864
2023-04-03,1930,137,1326,467
2023-04-04,2030,197,1423,410
2023-04-05,1910,669,411,830
2023-04-06,2540,109,303,2128
2023-04-07,2160,367,1311,482
2023-04-08,2020,585,55,1380
2023-04-09,2200,1400,623,177
2023-04-10,2140,299,1180,661
2023-04-11,2120,1431,457,232
2023-04-12,2290,927,1186,177
2023-04-13,2330,275,56,1999
2023-04-14,2070,628,371,1071
2023-04-15,2070,746,401,923
2023-04-16,2130,740,381,1009
2023-04-17,1730,28,367,1335
2023-04-18,1890,98,319,1473
2023-04-19,2470,1763,247,460
2023-04-20,2530,24,90,2416
2023-04-21,2150,1128,2,1020
2023-04-22,2320,648,1287,385
2023-04-23,2270,659,611,1000
2023-04-24,2830,775,157,1898
2023-04-25,2440,1160,215,1065
2023-04-26,2190,1626,46,518
2023-04-27,2030,424,1465,141
2023-04-28,1910,382,590,938
2023-04-29,2270,932,558,780
2023-04-30,2080,1453,605,22
2023-05-01,1950,1048,459,443
2023-05-02,2110,281,1248,581
2023-05-03,2030,955,102,973
2023-05-04,2590,1710,11,869
2023-05-05,2430,310,1215,905
2023-05-06,2250,439,704,1107
2023-05-07,2560,658,503,1399
2023-05-08,2280,803,699,778
2023-05-09,2090,498,1481,111
2023-05-10,2580,1712,13,855
2023-05-11,2380,506,558,1316
2023-05-12,2070,750,907,413
2023-05-13,2240,1306,721,213
2023-05-14,2110,652,777,681
2023-05-15,2010,405,311,1294
2023-05-16,2480,1287,1147,46
2023-05-17,2680,796,913,971
2023-05-18,2020,683,600,737
2023-05-19,2420,798,924,698
2023-05-20,2180,2026,12,142
2023-05-21,2210,5,691,1514
2023-05-22,2200,208,1946,46
2023-05-23,2140,1786,284,70
2023-05-24,2330,1195,533,602
2023-05-25,2160,287,1268,605
2023-05-26,2380,345,871,1164
2023-05-27,2320,752,1261,307
2023-05-28,2290,297,1696,297
2023-05-29,2160,769,1274,117
2023-05-30,2230,422,149,1659
2023-05-31,2500,533,1323,644
2023-06-01,2450,27,603,1820
2023-06-02,2160,415,772,973
2023-06-03,2380,427,394,1559
2023-06-04,2510,285,986,1239
2023-06-05,2030,398,247,1385
2023-06-06,2480,307,1648,525
2023-06-07,2240,1132,103,1005
2023-06-08,2490,897,1318,275
2023-06-09,2230,835,1242,153
2023-06-10,2020,176,42,1802
2023-06-11,2060,968,819,273
2023-06-12,2400,571,1039,790
2023-06-13,2440,1873,62,505
2023-06-14,2220,491,530,1199
2023-06-15,2530,493,1980,57
2023-06-16,2070,101,1179,790
2023-06-17,2390,1555,401,434
2023-06-18,2170,1711,162,297
2023-06-19,2280,763,1303,214
2023-06-20,2430,738,70,1622
2023-06-21,2250,190,552,1508
2023-06-22,2350,1121,811,418
2023-06-23,2630,160,438,2032
2023-06-24,2320,784,589,947
2023-06-25,2600,1074,107,1419
2023-06-26,2210,1544,94,572
2023-06-27,2550,523,1790,237
2023-06-28,2730,671,1581,478
2023-06-29,1960,404,587,969
2023-06-30,2290,650,1238,402
2023-07-01,2570,1517,812,241
2023-07-02,2420,1255,501,664
2023-07-03,2540,145,2183,212
2023-07-04,2350,913,794,643
2023-07-05,2490,130,1279,1081
2023-07-06,2440,330,68,2042
2023-07-07,2710,1304,589,817
2023-07-08,2530,670,1039,821
2023-07-09,2550,797,218,1535
2023-07-10,2410,956,117,1337
2023-07-11,2400,129,1772,499
2023-07-12,2410,879,846,685
2023-07-13,2580,2005,467,108
2023-07-14,2420,659,244,1517
2023-07-15,2570,211,1849,510
2023-07-16,2930,1315,108,1507
2023-07-17,2690,1655,432,603
2023-07-18,2450,1517,201,732
2023-07-19,2760,1248,388,1124
2023-07-20,2440,712,264,1464
2023-07-21,2120,936,226,958
2023-07-22,2330,802,529,999
2023-07-23,2160,729,141,1290
2023-07-24,2470,266,1056,1148
2023-07-25,2550,241,92,2217
2023-07-26,2880,298,29,2553
2023-07-27,2620,29,580,2011
2023-07-28,2510,1234,692,584
2023-07-29,2720,597,176,1947
2023-07-30,2120,21,233,1866
2023-07-31,2610,1462,830,318
2023-08-01,2720,1166,892,662
2023-08-02,2280,110,1703,467
2023-08-03,2800,501,1061,1238
2023-08-04,2650,1024,771,855
2023-08-05,2500,23,1116,1361
2023-08-06,2710,30,466,2214
2023-08-07,3040,388,2015,637
2023-08-08,2630,8,181,2441
2023-08-09,2650,780,1547,323
2023-08-10,2510,192,1315,1003
2023-08-11,2430,1717,95,618
2023-08-12,2770,238,575,1957
2023-08-13,2440,974,710,756
2023-08-14,2630,370,923,1337
2023-08-15,2520,1556,774,190
2023-08-16,2720,1558,769,393
2023-08-17,2690,1178,25,1487
2023-08-18,2840,648,1063,1129
2023-08-19,2530,1352,607,571
2023-08-20,2580,185,1959,436
2023-08-21,2450,1026,550,874
2023-08-22,2560,78,163,2319
2023-08-23,2720,1264,1250,206
2023-08-24,2800,1788,763,249
2023-08-25,2470,382,468,1620
2023-08-26,2830,2072,392,366
2023-08-27,2930,116,1203,1611
2023-08-28,2750,2042,140,568
2023-08-29,3040,1989,203,848
2023-08-30,2520,1460,717,343
2023-08-31,2430,122,901,1407
2023-09-01,2320,1309,957,54
2023-09-02,2980,1905,884,191
2023-09-03,2820,1933,455,432
2023-09-04,2680,897,1087,696
2023-09-05,2750,118,357,2275
2023-09-06,2470,489,894,1087
2023-09-07,3190,420,689,2081
2023-09-08,2730,1203,566,961
2023-09-09,2730,1674,797,259
2023-09-10,2860,873,1020,967
2023-09-11,2810,1677,194,939
2023-09-12,2760,453,1352,955
2023-09-13,2570,1394,994,182
2023-09-14,2820,287,1523,1010
2023-09-15,3110,375,1533,1202
2023-09-16,3000,1199,1578,223
2023-09-17,3060,558,1456,1046
2023-09-18,2640,866,988,786
2023-09-19,2550,383,902,1265
2023-09-20,2720,1246,610,864
2023-09-21,2760,600,2128,32
2023-09-22,2970,132,603,2235
2023-09-23,2420,113,558,1749
2023-09-24,3070,297,1054,1719
2023-09-25,2730,1629,354,747
2023-09-26,2680,1751,923,6
2023-09-27,2570,1296,33,1241
2023-09-28,2450,144,2015,291
2023-09-29,2950,1267,516,1167
2023-09-30,2800,718,1924,158
2023-10-01,2530,372,800,1358
2023-10-02,2530,1180,652,698
2023-10-03,2730,1504,4,1222
2023-10-04,3130,650,2336,144
2023-10-05,2750,949,701,1100
2023-10-06,2510,96,1238,1176
2023-10-07,2760,789,888,1083
2023-10-08,2760,1222,235,1303
2023-10-09,2280,1894,220,166
2023-10-10,2810,360,1361,1089
2023-10-11,2780,1510,707,563
2023-10-12,2970,420,1049,1501
2023-10-13,3200,237,636,2327
2023-10-14,3060,390,1877,793
2023-10-15,2780,1105,588,1087
2023-10-16,2620,1840,150,630
2023-10-17,3360,1945,514,901
2023-10-18,2860,1646,379,835
2023-10-19,2860,2541,166,153
2023-10-20,2850,1794,321,735
2023-10-21,2900,296,2354,250
2023-10-22,2830,355,1306,1169
2023-10-23,2750,232,1828,690
2023-10-24,2760,2053,446,261
2023-10-25,2870,1458,769,643
2023-10-26,2770,1235,1371,164
2023-10-27,2740,1041,161,1538
2023-10-28,2910,727,2134,49
2023-10-29,2840,241,1357,1242
2023-10-30,3190,308,2570,312
2023-10-31,2370,322,1443,605
2023-11-01,3120,2093,94,933
2023-11-02,3150,43,83,3024
2023-11-03,2490,259,1315,916
2023-11-04,2840,441,2376,23
2023-11-05,2840,593,1800,447
2023-11-06,2640,2171,42,427
2023-11-07,2770,149,650,1971
2023-11-08,2700,507,1816,377
2023-11-09,3280,543,406,2331
2023-11-10,3120,1965,901,254
2023-11-11,3190,738,1150,1302
2023-11-12,3080,1689,732,659
2023-11-13,2720,98,1587,1035
2023-11-14,2840,96,1676,1068
2023-11-15,3050,191,1374,1485
2023-11-16,2710,98,1582,1030
2023-11-17,3100,1519,852,729
2023-11-18,2910,1608,1204,98
2023-11-19,2890,698,1595,597
2023-11-20,3110,91,2635,384
2023-11-21,3060,1040,626,1394
2023-11-22,2900,1726,894,280
2023-11-23,3210,1077,1085,1048
2023-11-24,2770,149,328,2293
2023-11-25,3110,2923,54,133
2023-11-26,3110,511,1965,634
2023-11-27,2930,1079,175,1676
2023-11-28,3060,1428,396,1236
2023-11-29,2750,2131,146,473
2023-11-30,3190,389,1810,991
2023-12-01,2970,962,1527,481
2023-12-02,2910,2111,652,147
2023-12-03,3220,1217,1613,390
2023-12-04,2880,1209,1470,201
2023-12-05,2740,2509,93,138
2023-12-06,2710,157,1733,820
2023-12-07,3150,306,1075,1769
2023-12-08,2780,62,1544,1174
2023-12-09,3390,511,2485,394
2023-12-10,2620,1736,462,422
2023-12-11,3380,213,2511,656
2023-12-12,3090,541,39,2510
2023-12-13,3030,537,910,1583
2023-12-14,2950,152,2417,381
2023-12-15,3140,1381,1209,550
2023-12-16,3050,1677,511,862
2023-12-17,3290,2039,727,524
2023-12-18,3090,739,1909,442
2023-12-19,3100,186,1212,1702
2023-12-20,3000,597,1542,861
2023-12-21,3070,545,763,1762
2023-12-22,3140,1346,1239,555
2023-12-23,2740,795,275,1670
2023-12-24,2820,1250,168,1402
2023-12-25,3240,784,2312,144
2023-12-26,3130,252,2540,338
2023-12-27,3060,1750,316,994
2023-12-28,3110,1624,986,500
2023-12-29,3180,1197,169,1814
2023-12-30,3000,539,1418,1043
2023-12-31,2960,1048,1122,790
2024-01-01,3160,252,1982,926
2024-01-02,2930,1572,225,1133
2024-01-03,3210,581,1884,745
2024-01-04,2790,306,2409,75
2024-01-05,3340,946,74,2320
2024-01-06,3230,1689,222,1319
2024-01-07,3190,265,1851,1074
2024-01-08,3340,1104,12,2224
2024-01-09,3480,1316,369,1795
2024-01-10,3350,441,2750,159
2024-01-11,2790,1619,1036,135
2024-01-12,2900,871,39,1990
2024-01-13,3040,671,1708,661
2024-01-14,3170,640,2441,89
2024-01-15,3270,1426,1170,674
2024-01-16,3030,818,2026,186
2024-01-17,3210,137,453,2620
2024-01-18,3030,17,420,2593
2024-01-19,3060,2164,823,73
2024-01-20,2910,1840,944,126
2024-01-21,3010,82,2005,923
2024-01-22,2920,1092,1304,524
2024-01-23,3000,1306,1010,684
2024-01-24,3410,653,1702,1055
2024-01-25,3020,1796,472,752
2024-01-26,3740,1202,1078,1460
2024-01-27,3310,817,2162,331
2024-01-28,3250,714,983,1553
2024-01-29,3050,1735,530,785
2024-01-30,3360,1328,1893,139
2024-01-31,3110,660,1011,1439
2024-02-01,3250,291,940,2019
2024-02-02,3750,2889,327,534
2024-02-03,3220,472,2037,711
2024-02-04,3470,834,2616,20
2024-02-05,3100,81,2622,397
2024-02-06,3240,173,623,2444
2024-02-07,3610,1600,1355,655
2024-02-08,3130,2561,482,87
2024-02-09,3620,2310,291,1019
2024-02-10,3400,696,2036,668
2024-02-11,3150,606,2473,71
2024-02-12,3400,796,1245,1359
2024-02-13,3470,442,1985,1043
2024-02-14,3400,1046,414,1940
2024-02-15,2970,1909,1060,1
2024-02-16,3140,2332,121,687
2024-02-17,3240,92,1397,1751
2024-02-18,3280,328,1307,1645
2024-02-19,3420,1390,390,1640
2024-02-20,3330,2992,158,180
2024-02-21,3040,303,1971,766
2024-02-22,3380,1544,611,1225
2024-02-23,3430,10,1000,2420
2024-02-24,3420,753,1644,1023
2024-02-25,3530,180,3254,96
2024-02-26,3490,2870,576,44
2024-02-27,3420,1199,765,1456
2024-02-28,3310,2748,143,419
2024-02-29,3000,964,496,1540
2024-03-01,3420,880,1557,983
2024-03-02,3380,949,1887,544
2024-03-03,3400,495,2105,800
2024-03-04,3090,937,1012,1141
2024-03-05,3130,2266,514,350
2024-03-06,3560,1378,732,1450
2024-03-07,3350,1433,1367,550
2024-03-08,3500,710,2191,599
2024-03-09,3370,2657,511,202
2024-03-10,3370,42,1684,1644
2024-03-11,3560,1457,260,1843
2024-03-12,3270,501,1519,1250
2024-03-13,3400,301,163,2936
2024-03-14,3290,1036,1995,259
2024-03-15,3300,1570,66,1664
2024-03-16,3330,2877,419,34
2024-03-17,3440,155,2424,861
2024-03-18,3300,38,2274,988
2024-03-19,3650,450,3037,163
2024-03-20,3220,1766,213,1241
2024-03-21,3370,457,867,2046
2024-03-22,3320,277,2642,401
2024-03-23,3700,1071,915,1714
2024-03-24,3460,330,1591,1539
2024-03-25,3630,1368,1709,553
2024-03-26,3130,1285,1072,773
2024-03-27,3480,261,1838,1381
2024-03-28,3610,2643,635,332
2024-03-29,3450,1867,322,1261
2024-03-30,3650,1656,1129,865
2024-03-31,3340,2076,866,398
2024-04-01,3730,1543,1775,412
2024-04-02,3910,1655,132,2123
2024-04-03,3380,606,200,2574
2024-04-04,3370,1821,971,578
2024-04-05,3750,2044,140,1566
2024-04-06,3780,247,2934,599
2024-04-07,3360,1370,1885,105
2024-04-08,3390,401,2562,427
2024-04-09,3420,2033,907,480
2024-04-10,3210,541,365,2304
2024-04-11,3300,857,1255,1188
2024-04-12,3280,415,965,1900
2024-04-13,3340,469,1575,1296
2024-04-14,3490,708,2596,186
2024-04-15,3540,156,2602,782
2024-04-16,3810,1712,2039,59
2024-04-17,3300,2051,568,681
2024-04-18,3700,1008,2672,20
2024-04-19,3470,727,1305,1438
2024-04-20,3500,2458,301,741
2024-04-21,3650,675,2479,496
2024-04-22,3300,229,3062,9
2024-04-23,3600,2445,451,704
2024-04-24,3560,730,30,2800
2024-04-25,3630,1976,1484,170
2024-04-26,3590,1276,1335,979
2024-04-27,4030,1370,1763,897
2024-04-28,3420,377,2715,328
2024-04-29,3440,1616,1613,211
2024-04-30,3430,669,184,2577
2024-05-01,3440,1656,42,1742
2024-05-02,3430,2158,1039,233
2024-05-03,3800,753,1716,1331
2024-05-04,3850,309,453,3088
2024-05-05,3450,1279,966,1205
2024-05-06,3410,1158,1883,369
2024-05-07,3670,2553,419,698
2024-05-08,3470,173,690,2607
2024-05-09,3710,1423,681,1606
2024-05-10,3630,157,2634,839
2024-05-11,3290,798,1180,1312
2024-05-12,3900,193,2986,721
2024-05-13,3960,1075,1485,1400
2024-05-14,3480,1653,1510,317
2024-05-15,3530,2111,448,971
2024-05-16,3660,832,357,2471
2024-05-17,3680,113,2794,773
2024-05-18,3750,0,3514,236
2024-05-19,4020,804,3055,161
2024-05-20,3590,3103,6,481
2024-05-21,3470,2549,718,203
2024-05-22,3350,573,404,2373
2024-05-23,3490,316,1306,1868
2024-05-24,3630,599,2533,498
2024-05-25,4000,2904,82,1014
2024-05-26,3540,1109,799,1632
2024-05-27,3690,3199,11,480
2024-05-28,3650,796,699,2155
2024-05-29,3890,985,2071,834
2024-05-30,4160,741,233,3186
2024-05-31,3560,2406,115,1039
2024-06-01,3570,2547,563,460
2024-06-02,3880,1818,696,1366
2024-06-03,3810,891,104,2815
2024-06-04,4050,524,1679,1847
2024-06-05,3800,464,2089,1247
2024-06-06,3610,2190,251,1169
2024-06-07,3800,2482,928,390
2024-06-08,3910,1486,1890,534
2024-06-09,3860,1434,696,1730
2024-06-10,3800,305,3030,465
2024-06-11,3910,2816,368,726
2024-06-12,3940,1006,432,2502
2024-06-13,3980,65,2101,1814
2024-06-14,3840,109,743,2988
2024-06-15,3680,1278,976,1426
2024-06-16,3750,2205,24,1521
2024-06-17,3960,2534,560,866
2024-06-18,3560,398,1584,1578
2024-06-19,3800,608,3081,111
2024-06-20,3650,20,1713,1917
2024-06-21,3740,1054,2540,146
2024-06-22,4000,542,2318,1140
2024-06-23,3780,1809,1965,6
2024-06-24,3760,265,774,2721
2024-06-25,3480,1559,20,1901
2024-06-26,3900,1630,1617,653
2024-06-27,3890,2109,1499,282
2024-06-28,4190,902,985,2303
2024-06-29,3700,2451,1143,106
2024-06-30,3810,1594,1441,775
2024-07-01,3820,2056,340,1424
2024-07-02,4090,407,2359,1324
2024-07-03,3760,610,425,2725
2024-07-04,3840,2296,1304,240
2024-07-05,3910,2057,1247,606
2024-07-06,3830,2326,625,879
2024-07-07,3710,2665,367,678
2024-07-08,3840,2422,1348,70
2024-07-09,4020,551,27,3442
2024-07-10,3600,547,133,2920
2024-07-11,3840,1679,616,1545
2024-07-12,3670,2715,189,766
2024-07-13,4060,2189,819,1052
2024-07-14,3520,2517,199,804
2024-07-15,3710,2499,994,217
2024-07-16,3900,977,2093,830
2024-07-17,4140,1465,211,2464
2024-07-18,3820,99,1358,2363
2024-07-19,3730,766,2445,519
2024-07-20,4220,714,1366,2140
2024-07-21,3560,54,690,2816
2024-07-22,3410,172,1287,1951
2024-07-23,3940,1658,1857,425
2024-07-24,3760,2647,990,123
2024-07-25,3650,1075,2103,472
2024-07-26,4000,1780,1911,309
2024-07-27,3920,1088,1929,903
2024-07-28,3760,99,74,3587
2024-07-29,3620,2436,243,941
2024-07-30,4050,403,623,3024
2024-07-31,4010,2663,205,1142
2024-08-01,3860,64,1429,2367
2024-08-02,4260,551,1491,2218
2024-08-03,3680,1226,2432,22
2024-08-04,3590,2146,697,747
2024-08-05,3760,762,1361,1637
2024-08-06,3890,1174,603,2113
2024-08-07,3950,730,2098,1122
2024-08-08,3860,2651,682,527
2024-08-09,3980,3005,129,846
2024-08-10,3670,2810,447,413
2024-08-11,4210,319,3341,550
2024-08-12,3910,2640,766,504
2024-08-13,4150,1194,1000,1956
2024-08-14,4000,441,578,2981
2024-08-15,4030,2069,1577,384
2024-08-16,4050,2153,919,978
2024-08-17,4030,695,2711,624
2024-08-18,4070,639,3063,368
2024-08-19,4210,105,101,4004
2024-08-20,3990,973,725,2292
2024-08-21,4100,2183,488,1429
2024-08-22,3940,2150,1550,240
2024-08-23,4250,2777,1031,442
2024-08-24,3830,2910,201,719
2024-08-25,4330,3157,0,1173
2024-08-26,3970,665,51,3254
2024-08-27,3690,964,1364,1362
2024-08-28,4010,669,4,3337
2024-08-29,3850,2762,206,882
2024-08-30,4160,1486,2071,603
2024-08-31,3860,696,759,2405
2024-09-01,3910,2810,332,768
2024-09-02,3620,1031,729,1860
2024-09-03,3910,1962,699,1249
2024-09-04,3520,1953,147,1420
2024-09-05,3690,1553,230,1907
2024-09-06,4170,922,3202,46
2024-09-07,4170,814,2428,928
2024-09-08,4110,1850,2100,160
2024-09-09,3830,1459,1439,932
2024-09-10,4020,1922,1249,849
2024-09-11,4030,1145,566,2319
2024-09-12,3800,1008,1110,1682
2024-09-13,4340,637,3271,432
2024-09-14,4220,383,369,3468
2024-09-15,4000,1746,1086,1168
2024-09-16,4060,753,2681,626
2024-09-17,4090,890,331,2869
2024-09-18,3650,2635,964,51
2024-09-19,4010,2398,15,1597
2024-09-20,3930,3169,519,242
2024-09-21,3870,1273,1772,825
2024-09-22,4020,3291,51,678
2024-09-23,4430,1627,2549,254
2024-09-24,4210,2322,1160,728
2024-09-25,3970,242,3435,293
2024-09-26,4200,564,520,3116
2024-09-27,4370,1628,2322,420
2024-09-28,4280,1161,1003,2116
2024-09-29,4110,2779,14,1317
2024-09-30,3970,178,2659,1133
2024-10-01,4240,877,1041,2322
2024-10-02,4190,759,2463,968
2024-10-03,4290,156,3389,745
2024-10-04,4240,1130,2305,805
2024-10-05,4330,74,593,3663
2024-10-06,4010,1310,1422,1278
2024-10-07,4390,453,1104,2833
2024-10-08,4170,590,1796,1784
2024-10-09,4550,563,3917,70
2024-10-10,4000,656,177,3167
2024-10-11,4490,274,1174,3042
2024-10-12,4180,2322,1047,811
2024-10-13,4020,1953,1182,885
2024-10-14,4050,2037,966,1047
2024-10-15,4090,802,2594,694
2024-10-16,4240,106,105,4029
2024-10-17,4270,1105,303,2862
2024-10-18,4050,1696,1814,540
2024-10-19,4160,17,3814,329
2024-10-20,4600,1573,1712,1315
2024-10-21,4520,1059,892,2569
2024-10-22,4270,1698,2477,95
2024-10-23,4190,160,2759,1271
2024-10-24,4210,2772,293,1145
2024-10-25,4310,1813,1710,787
2024-10-26,3990,53,2952,985
2024-10-27,4150,582,3073,495
2024-10-28,3870,2246,256,1368
2024-10-29,4280,4153,118,9
2024-10-30,4340,1206,206,2928
2024-10-31,4110,3037,703,370
2024-11-01,4530,1385,3123,22
2024-11-02,3970,1238,1321,1411
2024-11-03,3930,670,3028,232
2024-11-04,4270,259,2447,1564
2024-11-05,4440,113,2345,1982
2024-11-06,4570,2171,1955,444
2024-11-07,4140,887,1905,1348
2024-11-08,4460,1179,89,3192
2024-11-09,4240,1489,1336,1415
2024-11-10,4210,3064,892,254
2024-11-11,4430,1162,1646,1622
2024-11-12,4390,2544,245,1601
2024-11-13,3940,2387,826,727
2024-11-14,4560,471,692,3397
2024-11-15,4540,1533,2161,846
2024-11-16,4140,1646,472,2022
2024-11-17,4350,1108,1161,2081
2024-11-18,4370,2638,63,1669
2024-11-19,4330,1569,2661,100
2024-11-20,4170,1341,2613,216
2024-11-21,4150,823,3191,136
2024-11-22,4290,2042,744,1504
2024-11-23,4530,2100,1211,1219
2024-11-24,4410,236,661,3513
2024-11-25,4230,1816,1431,983
2024-11-26,4460,630,1836,1994
2024-11-27,3740,605,1522,1613
2024-11-28,4540,759,750,3031
2024-11-29,3970,1413,334,2223
2024-11-30,4250,3339,433,478
2024-12-01,4100,513,2064,1523
2024-12-02,4070,311,1437,2322
2024-12-03,4560,1110,342,3108
2024-12-04,4240,977,1572,1691
2024-12-05,4410,2098,879,1433
2024-12-06,4330,507,3250,573
2024-12-07,4440,3348,738,354
2024-12-08,4360,543,6,3811
2024-12-09,4100,2437,1338,325
2024-12-10,4550,1380,305,2865
2024-12-11,4260,3222,402,636
2024-12-12,4050,412,930,2708
2024-12-13,4280,3137,944,199
2024-12-14,4670,2292,1233,1145
2024-12-15,4540,2927,872,741
2024-12-16,4310,1235,1287,1788
2024-12-17,4310,1983,2014,313
2024-12-18,4320,916,702,2702
2024-12-19,4800,2547,1940,313
2024-12-20,4470,2836,380,1254
2024-12-21,4480,442,3376,662
2024-12-22,4600,766,3482,352
2024-12-23,4450,2483,1903,64
2024-12-24,4350,2992,136,1222
2024-12-25,4370,1207,1452,1711
2024-12-26,4400,809,28,3563
2024-12-27,4410,787,1856,1767
2024-12-28,4570,2897,1038,635
2024-12-29,4430,2930,1121,379
2024-12-30,4570,1878,2082,610
2024-12-31,4410,158,985,3267
2025-01-01,4450,3945,387,118
2025-01-02,4040,2514,591,935
2025-01-03,4620,3491,70,1059
2025-01-04,4510,160,975,3375
2025-01-05,4650,364,3761,525
2025-01-06,3870,1404,901,1565
2025-01-07,4870,2273,347,2250
2025-01-08,4430,929,1909,1592
2025-01-09,4680,3882,26,772
2025-01-10,4260,2637,1610,13
2025-01-11,4590,1917,1740,933
2025-01-12,4260,122,2582,1556
2025-01-13,4350,1459,1335,1556
2025-01-14,4860,1779,369,2712
2025-01-15,4450,1717,2403,330
2025-01-16,4530,258,2626,1646
2025-01-17,4670,2363,1407,900
2025-01-18,4590,1181,2447,962
2025-01-19,4530,2500,425,1605
2025-01-20,4580,3203,803,574
2025-01-21,4990,2100,1541,1349
2025-01-22,4500,683,2944,873
2025-01-23,4550,640,246,3664
2025-01-24,4730,695,2484,1551
2025-01-25,4740,2443,487,1810
2025-01-26,4760,354,3236,1170
2025-01-27,4660,1991,1594,1075
2025-01-28,4300,2182,454,1664
2025-01-29,4860,485,1712,2663
2025-01-30,4310,2064,1961,285
2025-01-31,4600,243,3151,1206
2025-02-01,4390,2766,155,1469
2025-02-02,4540,64,3954,522
2025-02-03,4620,1927,94,2599
2025-02-04,4620,371,2168,2081
2025-02-05,4640,221,1298,3121
2025-02-06,4890,2192,2339,359
2025-02-07,4660,3893,315,452
2025-02-08,4520,3586,208,726
2025-02-09,4770,813,966,2991
2025-02-10,4820,1573,234,3013
2025-02-11,4340,993,162,3185
2025-02-12,4700,2625,1432,643
2025-02-13,4730,3748,931,51
2025-02-14,4530,1697,1147,1686
2025-02-15,4870,69,3133,1668
2025-02-16,4570,995,1176,2399
2025-02-17,4630,637,626,3367
2025-02-18,4570,2002,827,1741
2025-02-19,4610,1368,721,2521
2025-02-20,4390,2029,2039,322
2025-02-21,4330,506,160,3664
2025-02-22,4940,2949,779,1212
2025-02-23,4460,2534,1815,111
2025-02-24,4430,939,1739,1752
2025-02-25,4200,562,3418,220
2025-02-26,4510,1022,1729,1759
2025-02-27,4370,2972,915,483
2025-02-28,4970,2366,2141,463
2025-03-01,4850,2021,1005,1824
2025-03-02,4510,4052,415,43
2025-03-03,5100,2108,1313,1679
2025-03-04,4850,1320,1178,2352
2025-03-05,4600,1809,1580,1211
2025-03-06,4160,518,2636,1006
2025-03-07,5130,3022,1040,1068
2025-03-08,4390,3673,447,270
2025-03-09,4350,1523,244,2583
2025-03-10,4880,1941,1957,982
2025-03-11,5170,279,2337,2554
2025-03-12,4960,574,3502,884
2025-03-13,4800,1033,3748,19
2025-03-14,4810,1592,682,2536
2025-03-15,4870,1185,3563,122
2025-03-16,4850,474,80,4296
2025-03-17,4760,1265,1425,2070
2025-03-18,4730,648,3546,536
2025-03-19,4700,984,1083,2633
2025-03-20,4560,2367,806,1387
2025-03-21,4660,143,3240,1277
2025-03-22,4380,3466,585,329
2025-03-23,4710,3206,791,713
2025-03-24,4530,1713,899,1918
2025-03-25,4510,1219,3112,179
2025-03-26,4770,549,3851,370
2025-03-27,5020,813,3880,327
2025-03-28,4930,384,2945,1601
2025-03-29,4430,1409,2770,251
2025-03-30,4550,2288,1853,409
2025-03-31,4940,2457,803,1680
2025-04-01,4560,366,2630,1564
2025-04-02,4720,3502,119,1099
2025-04-03,4870,1083,2279,1508
2025-04-04,4570,1097,1497,1976
2025-04-05,4790,605,1240,2945
2025-04-06,4510,2844,1376,290
2025-04-07,4660,451,1397,2812
2025-04-08,4850,1041,1013,2796
2025-04-09,4470,683,2992,795
2025-04-10,4880,796,1210,2874
2025-04-11,4790,191,310,4289
2025-04-12,4910,500,2170,2240
2025-04-13,4850,1657,2550,643
2025-04-14,5080,1736,1005,2339
2025-04-15,4830,611,3396,823
2025-04-16,4730,1992,1506,1232
2025-04-17,4840,1798,346,2696
2025-04-18,4930,3834,927,169
2025-04-19,4830,897,3057,876
2025-04-20,4830,159,1419,3252
2025-04-21,4690,2572,311,1807
2025-04-22,4700,456,451,3793
2025-04-23,4560,2207,2348,5
2025-04-24,5190,2305,1773,1112
2025-04-25,4600,2948,350,1302
2025-04-26,4710,1703,387,2620
2025-04-27,4710,4088,66,556
2025-04-28,5030,404,473,4153
2025-04-29,4800,1127,1121,2552
2025-04-30,5110,613,2442,2055
2025-05-01,4730,426,3617,687
2025-05-02,4930,1020,3534,376
2025-05-03,4710,216,1594,2900
2025-05-04,5310,929,1241,3140
2025-05-05,4640,2265,2211,164
2025-05-06,4950,124,2806,2020
2025-05-07,5010,4515,433,62
2025-05-08,4970,3227,1468,275
2025-05-09,4860,2673,245,1942
2025-05-10,4870,1610,930,2330
2025-05-11,4910,2266,697,1947
2025-05-12,4880,346,3834,700
2025-05-13,5100,1251,922,2927
2025-05-14,5350,4537,634,179
2025-05-15,4800,2109,895,1796
2025-05-16,4650,1723,2730,197
2025-05-17,4910,2263,766,1881
2025-05-18,5440,703,2153,2584
2025-05-19,4770,350,1726,2694
2025-05-20,5260,2969,1845,446
2025-05-21,5270,478,4777,15
2025-05-22,4830,1758,1711,1361
2025-05-23,5060,4321,350,389
2025-05-24,5270,447,3179,1644
2025-05-25,4880,414,1770,2696
2025-05-26,4910,305,691,3914
2025-05-27,4840,913,1386,2541
2025-05-28,4760,954,172,3634
2025-05-29,4840,1824,2144,872
2025-05-30,4730,968,1648,2114
2025-05-31,4980,1514,931,2535
2025-06-01,4820,2583,2150,87
2025-06-02,5030,26,900,4104
2025-06-03,4670,773,750,3147
2025-06-04,5050,2266,2406,378
2025-06-05,5160,3559,960,641
2025-06-06,4600,792,1626,2182
